applicationId,municipality,filling-time,operation,start_month,time-to-verdict,attachment-count
LP-186-2016-00480,186,599270.256,pientalo,4,2375173.445,60
LP-092-2015-00260,092,1468060.292,pientalo,3,4519259.303,31
LP-092-2016-00573,092,1230980.024,pientalo,2,4179646.786,34
LP-092-2015-01260,092,3552445.682,pientalo,7,4867665.961,51
LP-092-2015-02285,092,452411.436,pientalo,11,13069651.146,56
LP-106-2015-01147,106,5039725.637,pientalo,11,4244433.286,47
LP-092-2015-01261,092,12511.453,pientalo,7,7208862.976,39
LP-092-2015-01266,092,4506715.028,pientalo,7,7039156.18,41
LP-092-2016-00673,092,7527663.291,pientalo,2,7471945.743,37
LP-837-2015-00151,837,693132.108,pientalo,11,6840720.888,43
LP-092-2016-01173,092,5563264.363,pientalo,3,9736464.654,43
LP-491-2016-00876,491,851006.86,pientalo,6,1002225.418,33
LP-092-2016-02822,092,508507.15,pientalo,5,7910041.905,47
LP-092-2016-00688,092,14359059.9,pientalo,2,3326523.665,39
LP-186-2015-00908,186,3459629.195,pientalo,9,2374953.663,65
LP-186-2015-00223,186,562861.249,pientalo,4,2432031.042,49
LP-092-2015-01004,092,4907207.903,pientalo,6,4804573.132,103
LP-092-2016-02198,092,119633.528,pientalo,5,4865701.46,83
LP-106-2016-00024,106,83273.384,pientalo,1,14719998.4,13
LP-491-2014-00546,491,451297.471,pientalo,12,2969932.824,47
LP-837-2016-00954,837,3378394.851,pientalo,4,8074196.215,20
LP-092-2015-01467,092,2830315.71,pientalo,8,7283288.854,63
LP-092-2015-01309,092,1136782.735,pientalo,7,5900855.286,56
LP-837-2016-00208,837,1863646.231,pientalo,2,6276548.101,47
LP-092-2016-01253,092,2797136.153,pientalo,3,5641647.713,42
LP-092-2016-02296,092,1985425.69,pientalo,5,2042145.112,39
LP-092-2016-00803,092,2310035.963,pientalo,2,5567758.029,32
LP-491-2016-00191,491,587068.853,pientalo,2,3576761.149,35
LP-092-2016-02125,092,3262058.878,pientalo,4,3076059.709,44
LP-186-2015-00536,186,27138385.978,pientalo,6,2689510.826,39
LP-092-2016-02129,092,1815048.567,pientalo,4,3036368.817,46
LP-186-2015-00531,186,6619482.186,pientalo,6,2478757.602,54
LP-186-2015-00126,186,5246119.787,pientalo,3,2375552.859,56
LP-092-2015-00735,092,602374.6,pientalo,7,10667327.565,81
LP-186-2015-00083,186,699760.755,pientalo,2,2984290.011,69
LP-092-2015-00732,092,3083980.905,pientalo,5,5130759.666,20
LP-092-2015-00141,092,62169.421,pientalo,2,6607349.888,23
LP-092-2015-00029,092,1220386.483,pientalo,1,2950838.476,25
LP-092-2016-00579,092,74968.178,pientalo,2,6450403.629,46
LP-092-2015-00144,092,4845878.478,pientalo,2,5275264.414,34
LP-092-2015-00023,092,1993588.444,pientalo,1,20077559.912,51
LP-092-2015-00924,092,8103346.501,pientalo,6,3399353.768,24
LP-106-2016-00713,106,2399860.897,pientalo,6,5064545.302,7
LP-491-2015-00909,491,28495732.408,pientalo,8,914516.976,90
LP-491-2015-00900,491,22496139.939,pientalo,8,1480026.722,64
LP-491-2015-00903,491,27819863.459,pientalo,8,986178.962,68
LP-491-2015-00902,491,21074051.164,pientalo,8,7732054.947,50
LP-491-2015-00904,491,28864611.95,pientalo,8,4174970.766,49
LP-491-2015-00907,491,22102264.038,pientalo,8,2469785.835,81
LP-491-2015-00906,491,24032013.15,pientalo,8,540121.781,66
LP-186-2015-00195,186,4891787.026,pientalo,3,1176028.128,49
LP-092-2015-01730,092,3549724.536,pientalo,9,5736097.901,34
LP-092-2015-01638,092,17650404.307,pientalo,9,5036949.903,73
LP-186-2015-00408,186,7893903.795,pientalo,5,3574188.982,34
LP-092-2015-01735,092,350815.552,pientalo,9,4258777.498,56
LP-092-2015-01737,092,4831738.328,pientalo,9,4692297.989,41
LP-092-2016-03850,092,1128.77,pientalo,7,2288441.389,23
LP-491-2015-00356,491,1903114.642,pientalo,4,1771595.693,32
LP-106-2015-00480,106,549961.787,pientalo,6,5108722.416,44
LP-092-2015-00323,092,2370078.766,pientalo,3,5498678.785,58
LP-092-2016-00257,092,6476306.273,pientalo,1,5652038.824,78
LP-092-2015-00286,092,13161453.77,pientalo,3,8833215.63,27
LP-092-2016-03298,092,3328.758,pientalo,6,3847074.238,31
LP-106-2015-00488,106,3813336.412,pientalo,6,2374678.723,66
LP-092-2015-00282,092,2515.663,pientalo,3,6536864.311,34
LP-092-2016-03486,092,1207829.806,pientalo,6,5324020.201,41
LP-106-2015-00643,106,1028248.627,pientalo,7,2720080.91,59
LP-186-2016-00058,186,2403097.01,pientalo,1,4461102.192,50
LP-092-2015-02434,092,1808519.218,pientalo,11,6703856.663,62
LP-092-2015-01915,092,951245.032,pientalo,10,15339553.172,56
LP-092-2015-00510,092,6034400.974,pientalo,4,4292230.494,26
LP-491-2015-00885,491,18493546.542,pientalo,8,1855526.688,77
LP-092-2014-00163,092,2620954.969,pientalo,12,4774373.87,32
LP-092-2016-00437,092,794359.58,pientalo,2,5405009.011,55
LP-186-2015-01390,186,15006088.76,pientalo,12,1615852.311,41
LP-092-2014-00169,092,8104189.272,pientalo,12,5754105.175,51
LP-491-2015-00887,491,26296447.443,pientalo,8,1915241.731,78
LP-092-2016-00532,092,3864305.779,pientalo,2,4107804.044,59
LP-837-2015-00054,837,184359.979,pientalo,10,5271306.16,26
LP-837-2015-00052,837,378073.994,pientalo,10,6319035.89,61
LP-491-2016-01111,491,3646399.367,pientalo,7,1235302.579,25
LP-186-2015-01302,186,6641737.704,pientalo,11,3499278.437,93
LP-092-2016-00401,092,241474.849,pientalo,2,6450999.038,43
LP-092-2016-00406,092,1542770.697,pientalo,2,6349452.812,80
LP-092-2016-00033,092,378565.293,pientalo,1,7182504.473,30
LP-092-2016-01134,092,3240846.255,pientalo,3,6103346.911,31
LP-106-2015-00892,106,1052690.142,pientalo,9,2535245.773,75
LP-092-2015-00391,092,92848.692,pientalo,3,7202447.97,24
LP-092-2015-01852,092,7239803.493,pientalo,9,3504997.344,54
LP-092-2016-01030,092,2923524.127,pientalo,3,4806666.686,68
LP-491-2015-01114,491,13294793.856,pientalo,10,7212139.22,56
LP-092-2016-01292,092,5796157.734,pientalo,3,7473950.053,91
LP-092-2016-03032,092,5164495.346,pientalo,6,2886164.939,16
LP-186-2015-01082,186,12347.823,pientalo,10,1851838.359,52
LP-092-2015-00392,092,1887697.229,pientalo,3,4974717.475,22
LP-092-2016-00748,092,1652000.572,pientalo,2,2968450.149,48
LP-092-2016-02317,092,2345711.383,pientalo,5,1149553.37,35
LP-092-2015-01354,092,6476437.891,pientalo,7,7990326.204,88
LP-106-2015-01185,106,12943.908,pientalo,11,3059503.182,84
LP-186-2015-01158,186,8996890.52,pientalo,10,2704222.251,53
LP-491-2015-00258,491,4041835.6,pientalo,4,1501188.554,65
LP-092-2015-00885,092,21661490.499,pientalo,5,6008213.027,62
LP-092-2015-00886,092,8723596.278,pientalo,5,4376143.682,30
LP-106-2015-00042,106,8285.271,pientalo,2,4194603.545,19
LP-092-2015-00889,092,200204.336,pientalo,5,6316958.125,35
LP-092-2015-00780,092,905552.008,pientalo,5,9300698.078,43
LP-092-2015-00781,092,4684.753,pientalo,5,2906789.957,29
LP-837-2015-00102,837,181422.826,pientalo,11,7355263.771,30
LP-491-2016-00390,491,4837586.001,pientalo,3,1001876.352,47
LP-837-2016-01026,837,6402.901,pientalo,5,5041832.286,30
LP-491-2016-00129,491,119180.315,pientalo,2,1049631.45,41
LP-092-2016-01349,092,5359452.554,pientalo,3,3843488.367,37
LP-092-2015-01458,092,529957.141,pientalo,8,4013895.194,31
LP-092-2015-00102,092,2149404.326,pientalo,2,4549314.017,38
LP-092-2016-01956,092,493432.365,pientalo,4,3908795.265,73
LP-186-2016-00274,186,3042281.074,pientalo,3,3495747.829,44
LP-092-2016-01951,092,1985827.401,pientalo,4,3124627.431,43
LP-491-2015-00535,491,1115157.671,pientalo,5,1090976.21,43
LP-106-2016-00638,106,4122974.446,pientalo,5,5050028.002,61
LP-837-2016-00507,837,156889.314,pientalo,3,5050886.774,29
LP-106-2015-00296,106,4339452.191,pientalo,5,1226649.748,81
LP-837-2016-00432,837,4350411.14,pientalo,3,5713971.964,25
LP-092-2015-01575,092,2325323.634,pientalo,8,3671854.265,40
LP-186-2015-00116,186,15713522.248,pientalo,3,809046.427,67
LP-491-2015-00391,491,414925.613,pientalo,5,1598447.104,79
LP-092-2015-01772,092,1045518.333,pientalo,9,3847872.599,49
LP-491-2016-00269,491,5895202.617,pientalo,3,621192.02,46
LP-092-2015-00312,092,3014000.243,pientalo,3,10168041.907,55
LP-491-2015-00549,491,2854235.048,pientalo,5,4073570.213,46
LP-092-2016-02036,092,105087.368,pientalo,4,4071575.345,61
LP-106-2015-00198,106,5591.342,pientalo,4,4350731.697,52
LP-491-2015-00890,491,13821741.395,pientalo,8,6526437.384,49
LP-092-2015-00817,092,1208038.325,pientalo,5,7560813.409,32
LP-106-2016-00447,106,2086590.733,pientalo,4,3236717.886,57
LP-092-2015-00813,092,4963.95,pientalo,5,1783000.154,30
LP-092-2016-03399,092,1378944.595,pientalo,6,4199341.582,54
LP-092-2015-00589,092,850625.908,pientalo,4,5814090.007,28
LP-186-2015-00285,186,7545106.198,pientalo,4,8145161.18,342
LP-092-2015-02686,092,314.633,pientalo,12,4257432.199,10
LP-092-2015-01959,092,167477.291,pientalo,10,1689165.203,24
LP-092-2015-00797,092,425.843,pientalo,5,1325692.398,0
LP-186-2015-00692,186,148130.588,pientalo,7,4199202.911,43
LP-092-2015-00798,092,1080771.324,pientalo,5,11457011.321,61
LP-837-2016-00172,837,4517684.616,pientalo,2,6083021.525,23
LP-092-2015-00220,092,2486.708,pientalo,2,6782837.097,43
LP-092-2015-00223,092,13488.687,pientalo,2,1501158.309,23
LP-092-2015-00556,092,2330107.127,pientalo,4,3553455.411,20
LP-092-2015-00227,092,2451818.981,pientalo,2,4939285.485,26
LP-092-2015-00229,092,1891009.464,pientalo,3,4944015.974,14
LP-092-2015-00228,092,4295.867,pientalo,2,9106604.794,38
LP-491-2015-00002,491,4941330.77,pientalo,1,2363384.707,70
LP-491-2015-00003,491,3990328.647,pientalo,1,1406717.328,41
LP-106-2016-00653,106,2251890.154,pientalo,5,1224421.633,56
LP-092-2015-00495,092,1134450.232,pientalo,4,9029080.346,42
LP-092-2015-00250,092,19808338.988,pientalo,2,5551658.073,45
LP-092-2016-00281,092,2253674.487,pientalo,1,6322944.65,46
LP-106-2015-01239,106,9161776.163,pientalo,12,1943204.965,72
LP-106-2015-00342,106,86261.507,pientalo,5,14746677.217,28
LP-092-2015-00258,092,2429613.869,pientalo,3,5748992.343,38
LP-092-2015-00259,092,338873.246,pientalo,3,5667729.167,17
LP-837-2016-00728,837,3810180.35,pientalo,4,8567522.532,37
LP-837-2016-00480,837,4925430.789,pientalo,3,6609355.305,37
LP-092-2016-03508,092,197795.239,pientalo,6,4528062.247,23
LP-106-2015-00228,106,3684677.151,pientalo,4,2555209.771,25
LP-092-2016-00840,092,698734.782,pientalo,2,7816554.28,65
LP-186-2015-00456,186,9043537.702,pientalo,5,473130.26,57
LP-092-2015-02701,092,4843355.883,pientalo,12,3664939.606,23
LP-092-2016-02404,092,510624.591,pientalo,5,2994627.929,48
LP-837-2016-00898,837,414377.166,pientalo,4,5410977.447,41
LP-092-2016-01399,092,1569778.294,pientalo,3,4340675.819,43
LP-186-2016-00283,186,4082137.834,pientalo,3,10816042.354,59
LP-186-2015-01128,186,12845536.265,pientalo,10,1264359.203,44
LP-092-2016-00665,092,2494621.454,pientalo,2,1842397.083,27
LP-092-2016-00061,092,981818.991,pientalo,1,3809243.48,61
LP-092-2016-00062,092,761477.55,pientalo,1,7312058.057,34
LP-092-2016-00063,092,1027558.373,pientalo,1,8601365.128,70
LP-092-2016-01166,092,2752186.22,pientalo,3,4009401.81,64
LP-092-2015-01880,092,9747438.633,pientalo,9,3242936.24,37
LP-186-2015-00622,186,1722.348,pientalo,6,12141363.107,55
LP-092-2015-02991,092,6622785.659,pientalo,12,7223793.411,177
LP-186-2016-00231,186,4582481.077,pientalo,3,2382140.422,36
LP-092-2015-02852,092,6132167.108,pientalo,12,6369962.043,36
LP-092-2016-03368,092,3044383.068,pientalo,6,2366003.886,40
LP-186-2016-00172,186,609439.237,pientalo,2,4247331.406,90
LP-106-2015-00147,106,9516339.184,pientalo,4,2025333.207,78
LP-092-2015-00089,092,1733455.64,pientalo,2,8147712.994,33
LP-092-2016-00718,092,90851.337,pientalo,2,7128085.046,54
LP-186-2015-01223,186,12918917.196,pientalo,11,5326064.019,82
LP-092-2016-02885,092,612802.49,pientalo,5,8513617.337,28
LP-186-2016-00468,186,2061156.179,pientalo,4,2458710.964,45
LP-092-2016-02610,092,614479.625,pientalo,5,3481602.67,32
LP-092-2016-01305,092,3465620.862,pientalo,3,4692847.641,120
LP-837-2016-00862,837,3979078.389,pientalo,4,7710778.579,24
LP-186-2016-00588,186,524019.648,pientalo,5,4496278.34,34
LP-837-2016-00216,837,3618846.3,pientalo,2,5063915.21,25
LP-092-2016-03041,092,121218.341,pientalo,6,6065166.36,28
LP-837-2016-01171,837,1106194.43,pientalo,5,8155590.722,22
LP-106-2015-00019,106,698591.075,pientalo,1,5571627.112,52
LP-491-2015-00699,491,11945.141,pientalo,7,7375762.669,24
LP-092-2015-01531,092,24278.25,pientalo,8,5212241.484,40
LP-186-2015-00489,186,170180.771,pientalo,5,3498812.482,90
LP-092-2015-01102,092,1278993.021,pientalo,6,27257449.279,60
LP-106-2016-00804,106,411.542,pientalo,6,1075761.745,5
LP-092-2015-00043,092,2171071.811,pientalo,1,9544499.734,37
LP-092-2015-00042,092,433371.115,pientalo,1,5462033.823,24
LP-092-2015-00046,092,2634544.947,pientalo,1,4896289.302,21
LP-837-2016-01112,837,169939.377,pientalo,5,9050701.492,31
LP-092-2015-00137,092,2500398.789,pientalo,2,8941177.106,21
LP-092-2015-01036,092,2330081.38,pientalo,6,1909513.259,26
LP-092-2015-00133,092,2939850.37,pientalo,2,2716945.928,19
LP-092-2015-02646,092,743370.776,pientalo,11,4971450.92,39
LP-092-2015-00032,092,1038134.972,pientalo,1,5325348.937,28
LP-092-2015-00916,092,788110.702,pientalo,6,5825224.535,29
LP-491-2015-00913,491,22178703.236,pientalo,8,1182635.401,38
LP-491-2015-00911,491,24191522.045,pientalo,8,2193973.752,58
LP-092-2016-02033,092,1626038.564,pientalo,4,3593960.749,22
LP-106-2015-00156,106,915069.32,pientalo,4,3931614.186,43
LP-186-2015-00416,186,3043013.045,pientalo,5,3917984.902,52
LP-092-2015-01621,092,9866.661,pientalo,9,7038987.052,29
LP-186-2015-00799,186,3671955.739,pientalo,8,1746763.485,41
LP-186-2016-00049,186,5924651.729,pientalo,1,3591113.829,44
LP-092-2015-01747,092,184387.267,pientalo,9,15244462.673,109
LP-092-2015-01746,092,165456.103,pientalo,9,15244523.072,140
LP-092-2015-00614,092,360476.093,pientalo,4,9098616.588,53
LP-837-2016-00138,837,79008.938,pientalo,1,6693381.85,31
LP-092-2015-00264,092,3262825.444,pientalo,3,5497448.65,38
LP-092-2015-00267,092,339587.094,pientalo,3,8141780.719,43
LP-092-2015-00349,092,3453.646,pientalo,3,7207056.222,19
LP-092-2015-00618,092,2500147.535,pientalo,4,5736552.08,105
LP-092-2015-00619,092,3492.348,pientalo,4,6619021.952,16
LP-837-2016-00135,837,2715.338,pientalo,1,6169587.654,42
LP-106-2015-00787,106,850573.035,pientalo,8,4350394.289,35
LP-186-2015-00092,186,2673312.505,pientalo,2,1152259.188,58
LP-186-2015-00094,186,3029959.532,pientalo,2,795048.075,52
LP-106-2015-00717,106,4497822.646,pientalo,8,657398.804,60
LP-106-2015-00711,106,443421.156,pientalo,8,3154738.435,79
LP-491-2015-01202,491,90620.997,pientalo,11,1085445.862,28
LP-491-2016-00661,491,2129746.519,pientalo,5,1860353.266,21
LP-106-2016-00183,106,10728802.682,pientalo,2,5397901.03,102
LP-092-2014-00144,092,3483614.781,pientalo,12,6595003.964,29
LP-092-2016-00320,092,78304.844,pientalo,1,9119811.782,57
LP-092-2016-00325,092,1362875.224,pientalo,1,5410156.246,64
LP-092-2015-00665,092,1999066.875,pientalo,4,7813588.228,38
LP-837-2016-00005,837,1130712.516,pientalo,1,9642922.101,70
LP-837-2016-00999,837,2213300.409,pientalo,5,7572251.331,35
LP-092-2015-00505,092,2846225.653,pientalo,4,9260042.874,59
LP-092-2014-00174,092,5150.884,pientalo,12,7887385.844,32
LP-092-2014-00175,092,6631.122,pientalo,12,8996473.911,34
LP-106-2015-00975,106,866260.764,pientalo,10,1165454.332,57
LP-106-2016-00604,106,2073219.474,pientalo,5,2733977.273,43
LP-491-2015-00039,491,12784622.731,pientalo,1,2176506.092,52
LP-186-2015-01362,186,3610469.704,pientalo,12,1264684.872,108
LP-491-2015-00892,491,28405954.001,pientalo,8,2223602.827,42
LP-491-2015-00737,491,180830.409,pientalo,7,4591002.343,49
LP-092-2015-02124,092,13274951.062,pientalo,10,3255582.426,25
LP-106-2015-00270,106,136540.954,pientalo,5,2035827.242,66
LP-106-2016-00696,106,2151977.546,pientalo,6,4259979.44,53
LP-106-2015-00578,106,254079.394,pientalo,7,5748735.65,59
LP-092-2016-00183,092,255335.25,pientalo,1,3338809.94,33
LP-092-2015-01847,092,2232402.23,pientalo,9,5319871.731,50
LP-092-2015-01844,092,1570373.269,pientalo,9,4441325.561,41
LP-186-2015-00747,186,8063351.966,pientalo,7,1492859.336,47
LP-092-2015-00770,092,691570.24,pientalo,5,7470270.113,24
LP-491-2015-00899,491,26537384.327,pientalo,8,4091642.839,60
LP-092-2016-02362,092,182613.355,pientalo,5,2979586.651,42
LP-186-2015-00995,186,107269.235,pientalo,9,5733683.05,49
LP-092-2015-01365,092,2156595.368,pientalo,8,4972279.318,108
LP-491-2016-00657,491,2676.622,pientalo,5,2898373.038,18
LP-092-2015-01360,092,1989536.966,pientalo,8,21300963.291,63
LP-092-2015-02667,092,4940803.726,pientalo,12,3664960.853,59
LP-106-2015-01051,106,3031.928,pientalo,10,13790755.405,45
LP-106-2015-01056,106,2361.803,pientalo,10,2519148.381,46
LP-837-2016-00909,837,1190504.749,pientalo,4,9384669.171,57
LP-092-2016-02428,092,10661.481,pientalo,5,697674.511,34
LP-186-2015-00960,186,2874863.062,pientalo,9,4516473.25,4
LP-106-2015-00772,106,927303.622,pientalo,8,12992922.931,47
LP-092-2016-01695,092,271307.794,pientalo,4,11241239.105,43
LP-092-2015-02861,092,3647264.925,pientalo,12,6509204.15,53
LP-092-2015-01679,092,2323251.179,pientalo,9,3661771.62,34
LP-186-2015-00369,186,581.19,pientalo,4,2813758.096,76
LP-092-2016-01827,092,5492.422,pientalo,4,5570552.381,50
LP-837-2016-00002,837,4564186.255,pientalo,1,8432561.296,54
LP-092-2015-00169,092,1086685.922,pientalo,5,4374550.432,68
LP-186-2015-00202,186,2525353.388,pientalo,3,2686310.912,73
LP-186-2015-00560,186,11105.817,pientalo,6,2360833.59,81
LP-092-2015-00165,092,251316.027,pientalo,2,5501164.309,20
LP-837-2016-00832,837,1136375.204,pientalo,4,9103999.674,40
LP-186-2016-00416,186,1114749.942,pientalo,4,1433693.852,92
LP-837-2016-00836,837,929916.856,pientalo,4,5297732.277,32
LP-092-2015-01443,092,78697.783,pientalo,8,9380668.047,83
LP-491-2016-00153,491,3051538.313,pientalo,2,1393935.526,52
LP-491-2016-00159,491,1201272.969,pientalo,2,1238464.039,70
LP-186-2016-00550,186,2070849.935,pientalo,5,2211243.788,37
LP-837-2016-01018,837,1123623.789,pientalo,5,8785627.914,28
LP-092-2015-02965,092,775294.637,pientalo,12,3910443.822,47
LP-491-2015-00812,491,244753.845,pientalo,8,3934384.569,54
LP-491-2016-00073,491,1904217.452,pientalo,1,2903682.4,27
LP-837-2016-00408,837,406289.802,pientalo,3,5821401.464,19
LP-837-2015-00093,837,681412.564,pientalo,11,7472703.801,32
LP-491-2016-00078,491,1678360.576,pientalo,1,620462.674,22
LP-092-2015-00093,092,980553.877,pientalo,2,9267357.996,21
LP-491-2016-00275,491,5974898.195,pientalo,3,1668035.36,31
LP-491-2016-00277,491,1718383.331,pientalo,3,1680895.071,34
LP-106-2016-00786,106,1102448.801,pientalo,6,5397862.699,57
LP-092-2015-00307,092,3141765.5,pientalo,3,5469431.293,45
LP-186-2015-01043,186,4836858.677,pientalo,10,4880710.62,40
LP-491-2015-00888,491,29568847.376,pientalo,8,2876167.136,47
LP-491-2015-00889,491,22113712.737,pientalo,8,1258573.804,38
LP-106-2015-00875,106,870915.514,pientalo,9,2951410.901,37
LP-092-2015-01145,092,2382245.266,pientalo,6,7526438.152,47
LP-092-2015-00002,092,3284324.596,pientalo,1,4809010.545,49
LP-092-2015-01149,092,1197358.735,pientalo,6,9946565.533,31
LP-491-2015-00551,491,3668862.704,pientalo,5,704117.169,67
LP-491-2015-00884,491,25237121.26,pientalo,8,1161652.162,50
LP-092-2015-00761,092,166410.21,pientalo,5,1529321.992,0
LP-106-2015-00181,106,2145120.128,pientalo,4,3593948.091,22
LP-092-2015-00827,092,1933.748,pientalo,5,3308720.283,16
LP-092-2016-00209,092,272248.956,pientalo,1,5745291.457,55
LP-092-2015-00824,092,68786.196,pientalo,5,2545111.451,22
LP-106-2015-00021,106,53953.325,pientalo,1,6018527.191,47
LP-092-2016-02069,092,5578514.0,pientalo,4,5532652.042,43
LP-092-2016-00201,092,3185299.043,pientalo,1,4967258.113,48
LP-092-2016-00938,092,1920482.049,pientalo,3,5391641.679,38
LP-106-2016-00494,106,181.108,pientalo,5,1397920.454,13
LP-186-2015-00742,186,8548101.312,pientalo,7,1423075.947,80
LP-092-2015-00788,092,3869135.206,pientalo,5,3597485.708,47
LP-092-2016-00937,092,1922365.004,pientalo,3,5391446.026,41
LP-092-2016-00381,092,4231816.364,pientalo,1,5670924.258,55
LP-106-2015-00005,106,2324704.018,pientalo,1,4556120.375,25
LP-092-2016-00383,092,2017581.283,pientalo,1,3907005.284,48
LP-491-2015-00676,491,642763.039,pientalo,6,1178949.882,30
LP-092-2016-00277,092,953525.396,pientalo,1,6598139.506,56
LP-491-2015-00771,491,4161874.693,pientalo,7,1742946.547,28
LP-186-2015-00583,186,7930572.568,pientalo,6,1606555.074,66
LP-092-2015-01630,092,596809.407,pientalo,9,5830965.988,26
LP-092-2015-00430,092,5703980.046,pientalo,3,4801743.956,51
LP-092-2015-00431,092,1496530.682,pientalo,3,4768646.624,44
LP-092-2016-02577,092,1886084.734,pientalo,5,8504876.426,37
LP-092-2015-00435,092,3975124.824,pientalo,3,5389145.097,42
LP-092-2014-00142,092,604066.5,pientalo,12,7197862.581,29
LP-106-2016-00655,106,5223316.781,pientalo,5,3032669.479,34
LP-092-2016-00492,092,2147.218,pientalo,2,6790090.276,50
LP-092-2015-00493,092,51325.816,pientalo,4,6007860.445,21
LP-092-2015-02911,092,8849850.245,pientalo,12,5983073.851,36
LP-491-2016-00754,491,3429345.969,pientalo,5,1869704.815,50
LP-837-2015-00073,837,2151911.13,pientalo,10,7307333.25,33
LP-092-2015-00491,092,57652.531,pientalo,4,6091815.514,16
LP-092-2015-02741,092,239325.823,pientalo,12,4282973.657,48
LP-106-2015-01095,106,1384152.549,pientalo,11,2946038.79,68
LP-092-2015-02743,092,7493114.349,pientalo,12,3510587.794,40
LP-092-2015-02961,092,2480145.015,pientalo,12,5596236.106,54
LP-092-2016-01150,092,345928.046,pientalo,3,4190085.935,60
LP-186-2015-00730,186,5564060.303,pientalo,7,1307227.616,69
LP-092-2016-00156,092,4120822.134,pientalo,1,6431142.158,65
LP-092-2016-00151,092,11816149.6,pientalo,1,1785694.181,46
LP-092-2016-00152,092,966143.368,pientalo,1,6757236.309,46
LP-186-2015-00011,186,8092636.238,pientalo,1,13779860.962,36
LP-092-2016-02806,092,2476503.169,pientalo,5,6709299.779,39
LP-092-2016-02777,092,675813.986,pientalo,5,3410416.456,34
LP-092-2016-02338,092,2170796.331,pientalo,5,3410457.599,35
LP-092-2015-02825,092,6497.896,pientalo,12,4917642.56,37
LP-092-2016-03357,092,1550238.563,pientalo,6,5301449.5,36
LP-092-2015-00995,092,4974220.566,pientalo,6,4804537.097,72
LP-092-2015-01439,092,585920.087,pientalo,8,4197815.903,30
LP-092-2015-00251,092,21769779.348,pientalo,2,15343282.436,103
LP-092-2015-01242,092,611596.944,pientalo,7,10324244.748,69
LP-837-2016-00974,837,996688.304,pientalo,5,8358822.784,48
LP-092-2015-01245,092,1839155.739,pientalo,7,4253786.309,24
LP-092-2015-01247,092,413110.633,pientalo,7,7311265.758,65
LP-837-2016-00873,837,631421.62,pientalo,4,5119266.202,50
LP-092-2016-01336,092,182398.461,pientalo,3,5318763.886,62
LP-106-2014-00267,106,3801811.079,pientalo,12,6782184.586,54
LP-837-2016-00343,837,3950418.484,pientalo,2,4463119.176,47
LP-837-2016-00346,837,5536341.825,pientalo,2,5198960.904,24
LP-837-2016-00347,837,188495.781,pientalo,2,8060233.477,44
LP-837-2015-00214,837,8910223.569,pientalo,12,8587197.786,24
LP-186-2015-00253,186,2464217.369,pientalo,4,3337609.354,63
LP-092-2015-02522,092,1052729.748,pientalo,11,8062433.606,42
LP-092-2015-01503,092,2597592.456,pientalo,8,6431453.856,77
LP-092-2015-01507,092,971396.344,pientalo,8,12453811.675,67
LP-186-2015-00499,186,11441.484,pientalo,5,1911390.253,37
LP-106-2016-00749,106,426174.555,pientalo,6,1943146.989,50
LP-092-2015-01110,092,2637091.024,pientalo,6,9034342.323,50
LP-092-2015-00050,092,3010364.65,pientalo,1,2638106.779,47
LP-186-2015-00497,186,867383.91,pientalo,5,4604307.997,49
LP-092-2016-01200,092,184934.034,pientalo,3,2263434.381,45
LP-186-2014-00534,186,818.806,pientalo,12,137786.673,18
LP-092-2016-01208,092,5521438.617,pientalo,3,2961354.181,67
LP-092-2016-01971,092,3145065.038,pientalo,4,8910970.744,24
LP-092-2016-02384,092,356896.298,pientalo,5,5018754.29,49
LP-106-2016-00264,106,663501.212,pientalo,3,1952333.328,49
LP-491-2015-00929,491,3464509.501,pientalo,8,1910620.132,45
LP-491-2015-00922,491,24478395.989,pientalo,8,613070.96,64
LP-106-2015-00145,106,1994094.711,pientalo,4,4695954.755,67
LP-837-2016-00450,837,1891202.636,pientalo,3,5591822.494,27
LP-186-2016-00137,186,6725907.995,pientalo,2,1861618.635,45
LP-092-2015-01753,092,5522824.028,pientalo,9,8420751.576,57
LP-186-2015-00070,186,1308526.313,pientalo,2,2026762.313,48
LP-092-2015-00851,092,817804.873,pientalo,5,7146248.63,34
LP-092-2016-00972,092,3713.247,pientalo,3,11798405.985,41
LP-092-2015-00494,092,4722.775,pientalo,4,6018259.195,46
LP-092-2015-00757,092,241.547,pientalo,5,1569511.3,0
LP-491-2015-01351,491,1839667.275,pientalo,12,2345051.198,32
LP-106-2015-00700,106,2767215.477,pientalo,8,916053.807,81
LP-092-2015-02335,092,7529579.668,pientalo,11,5714999.009,49
LP-092-2016-00331,092,537023.192,pientalo,1,6786847.292,48
LP-092-2016-02652,092,1888809.344,pientalo,5,1749621.211,53
LP-186-2015-00675,186,12116120.646,pientalo,7,1216960.491,56
LP-106-2015-00721,106,8514.182,pientalo,8,5114760.56,65
LP-186-2016-00782,186,833.961,pientalo,6,5561680.918,35
LP-837-2016-00157,837,3902660.274,pientalo,1,9976893.207,63
LP-092-2016-00252,092,1277213.08,pientalo,1,7487769.045,53
LP-092-2015-00475,092,1167252.842,pientalo,4,7181285.353,52
LP-106-2015-01281,106,2750137.221,pientalo,12,2370507.327,56
LP-106-2015-00093,106,2773.492,pientalo,3,3918705.571,28
LP-092-2014-00181,092,3124785.07,pientalo,12,1674674.404,16
LP-186-2015-01370,186,4549735.416,pientalo,12,2369636.664,43
LP-106-2015-00965,106,2224945.9,pientalo,10,4205351.283,56
LP-092-2014-00186,092,1877476.47,pientalo,12,3415472.03,55
LP-106-2015-00360,106,1832040.01,pientalo,5,3748835.788,102
LP-092-2015-00584,092,5793.506,pientalo,4,9516816.439,94
LP-837-2015-00038,837,16753.679,pientalo,9,4964537.488,31
LP-106-2015-00204,106,3384.831,pientalo,4,5397504.686,0
LP-092-2016-00753,092,117011.83,pientalo,2,14629274.169,27
LP-186-2016-00148,186,5271786.529,pientalo,2,1777323.199,50
LP-186-2015-00477,186,2076804.289,pientalo,5,1487045.706,50
LP-186-2015-00474,186,428899.448,pientalo,5,3411213.297,57
LP-092-2015-00402,092,2369777.615,pientalo,3,4938724.764,51
LP-092-2015-00409,092,1630277.968,pientalo,3,5663241.527,45
LP-106-2016-00196,106,2131125.17,pientalo,2,3672045.21,65
LP-092-2016-00566,092,2077549.595,pientalo,2,5808397.02,105
LP-092-2016-00600,092,17083.639,pientalo,2,6698172.977,76
LP-092-2015-00107,092,4483605.163,pientalo,2,4519697.43,36
LP-092-2015-01277,092,4227401.498,pientalo,7,12108471.518,46
LP-106-2015-00840,106,4248724.234,pientalo,9,798119.055,121
LP-837-2015-00145,837,4675987.7,pientalo,11,8594689.436,25
LP-092-2015-02776,092,5586323.027,pientalo,12,5222486.852,49
LP-092-2015-02670,092,4223728.476,pientalo,12,16466975.13,100
LP-092-2016-00056,092,947225.719,pientalo,1,5578498.568,69
LP-837-2016-00933,837,153943.804,pientalo,4,5387504.028,50
LP-092-2016-01744,092,1206174.68,pientalo,4,4557442.832,60
LP-092-2016-02780,092,2481485.932,pientalo,5,6613376.081,22
LP-186-2015-00604,186,170740.384,pientalo,6,5480981.474,48
LP-186-2016-00354,186,754.624,pientalo,4,2982069.569,54
LP-491-2015-00805,491,2819.171,pientalo,8,4848064.412,62
LP-186-2015-01194,186,10133193.234,pientalo,11,4167651.001,67
LP-106-2015-00101,106,126522.491,pientalo,3,7235643.469,43
LP-092-2015-01384,092,161572.578,pientalo,8,17925661.295,59
LP-106-2015-00835,106,5197.693,pientalo,9,4351010.719,40
LP-491-2014-00552,491,5609454.678,pientalo,12,1655039.561,35
LP-837-2016-01000,837,8461.97,pientalo,5,9720911.311,20
LP-491-2015-01003,491,638583.809,pientalo,9,2485559.162,44
LP-106-2016-00222,106,367619.011,pientalo,3,2541011.982,43
LP-092-2015-02458,092,4546173.793,pientalo,11,1794323.334,23
LP-092-2015-01498,092,9579555.63,pientalo,8,10999859.118,46
LP-491-2015-01224,491,257455.379,pientalo,11,985421.49,35
LP-186-2015-00507,186,1962020.335,pientalo,5,4620859.868,46
LP-092-2016-01413,092,4880.415,pientalo,3,6613914.886,78
LP-186-2015-01110,186,3553187.204,pientalo,10,1680115.661,58
LP-092-2015-01122,092,1995667.168,pientalo,6,3412220.036,11
LP-092-2016-02849,092,10411.256,pientalo,5,5201383.791,45
LP-092-2015-00702,092,8824.93,pientalo,5,12313664.875,25
LP-092-2016-01419,092,6565976.01,pientalo,3,7220019.621,115
LP-092-2015-01797,092,1248866.069,pientalo,9,4756581.444,32
LP-092-2015-00704,092,10905866.29,pientalo,5,7455648.307,78
LP-092-2015-01155,092,1125854.402,pientalo,7,6005778.894,55
LP-092-2015-00012,092,3697456.201,pientalo,1,9898990.628,43
LP-092-2015-01153,092,563619.782,pientalo,7,11935245.406,60
LP-106-2015-00424,106,243930.019,pientalo,6,2565851.095,55
LP-491-2015-00244,491,1214386.569,pientalo,3,3568026.239,52
LP-106-2015-00039,106,5101740.665,pientalo,2,565899.711,42
LP-106-2015-00030,106,7876531.555,pientalo,2,1512645.017,23
LP-106-2015-00036,106,76382.083,pientalo,2,5148817.832,28
LP-092-2016-01527,092,678354.735,pientalo,3,3422195.325,54
LP-092-2015-00896,092,2463216.972,pientalo,5,6362976.116,49
LP-092-2015-01725,092,1122137.909,pientalo,9,7303658.219,81
LP-186-2015-00001,186,1893917.191,pientalo,1,1083739.154,34
LP-092-2015-01836,092,2873675.021,pientalo,9,6939961.217,62
LP-092-2016-03846,092,971724.808,pientalo,7,3309822.69,21
LP-092-2015-00202,092,1130.854,pientalo,2,559472.586,1
LP-092-2015-00200,092,551436.396,pientalo,2,9190201.6,53
LP-092-2015-02865,092,2853281.738,pientalo,12,4788420.014,64
LP-092-2015-00209,092,26.053,pientalo,2,6606861.818,31
LP-092-2015-00051,092,73961.925,pientalo,1,6445941.224,25
LP-106-2016-00003,106,1831280.252,pientalo,1,3309199.292,69
LP-092-2016-00306,092,140132.558,pientalo,1,6618584.089,40
LP-092-2016-00302,092,4434.361,pientalo,1,6168139.692,36
LP-092-2016-00466,092,1731427.357,pientalo,2,8011051.634,40
LP-186-2016-00067,186,16003.026,pientalo,1,19378597.294,49
LP-092-2015-00565,092,595464.079,pientalo,4,4786414.79,17
LP-092-2014-00158,092,3092885.86,pientalo,12,5409386.619,42
LP-092-2014-00150,092,863245.158,pientalo,12,8761139.116,14
LP-092-2015-02187,092,3813660.696,pientalo,10,14461198.185,113
LP-092-2016-00529,092,156819.355,pientalo,2,9034944.057,38
LP-092-2015-00560,092,433.995,pientalo,4,1861118.044,0
LP-092-2016-00419,092,520856.256,pientalo,2,5408661.959,50
LP-106-2015-00559,106,5315581.949,pientalo,7,2041983.802,74
LP-106-2015-00922,106,2251538.643,pientalo,9,4354609.616,60
LP-186-2015-01339,186,1725783.037,pientalo,12,4189046.24,39
LP-092-2016-01028,092,4316040.387,pientalo,3,3158885.74,61
LP-106-2015-01089,106,174446.93,pientalo,11,5568418.103,40
LP-092-2016-01021,092,613722.101,pientalo,3,6786097.38,46
LP-092-2016-02111,092,1797588.232,pientalo,4,2044142.693,66
LP-092-2016-00996,092,721244.455,pientalo,3,7439047.381,62
LP-092-2015-01006,092,1378465.815,pientalo,6,8928623.209,37
LP-092-2015-02722,092,14131.055,pientalo,12,8065281.699,51
LP-491-2015-00843,491,18495696.685,pientalo,8,4528854.312,35
LP-092-2016-00634,092,448740.723,pientalo,2,6780533.775,63
LP-491-2016-00137,491,3756456.774,pientalo,2,1005869.712,35
LP-092-2016-00638,092,2787347.335,pientalo,2,1842461.672,22
LP-092-2016-00644,092,2136058.543,pientalo,2,6524691.612,61
LP-491-2016-00741,491,5579832.979,pientalo,5,3503370.091,28
LP-092-2015-02647,092,2513427.875,pientalo,11,12795219.864,58
LP-092-2015-02231,092,5940380.569,pientalo,10,2642311.021,17
LP-092-2015-01064,092,3526563.191,pientalo,6,6622500.088,41
LP-092-2015-01992,092,5763710.287,pientalo,10,7568411.191,69
LP-092-2016-00648,092,1463419.067,pientalo,2,5402409.231,79
LP-092-2015-01332,092,1125571.104,pientalo,7,4238588.19,59
LP-837-2016-00840,837,1007964.517,pientalo,4,6005362.036,63
LP-837-2016-00334,837,2178092.488,pientalo,2,5656757.467,33
LP-837-2016-00849,837,933839.226,pientalo,4,5064191.666,63
LP-092-2016-01328,092,852451.302,pientalo,3,7723831.255,40
LP-106-2015-00072,106,11538.122,pientalo,3,3749225.215,31
LP-106-2015-00073,106,157541.013,pientalo,3,4189013.449,64
LP-106-2015-00079,106,5922.913,pientalo,3,3583936.919,44
LP-092-2015-00186,092,13928.54,pientalo,2,5479813.484,18
LP-092-2015-00180,092,199033.015,pientalo,2,3635599.539,29
LP-491-2016-00006,491,2946005.883,pientalo,1,613780.314,49
LP-491-2015-00307,491,526416.822,pientalo,4,2259610.05,47
LP-092-2015-01597,092,1467092.415,pientalo,8,7306951.598,69
LP-092-2015-01163,092,3355345.309,pientalo,7,8505091.734,28
LP-092-2015-01420,092,20660434.197,pientalo,8,5233042.151,57
LP-092-2015-01588,092,1698459.001,pientalo,8,7307340.77,70
LP-491-2016-00521,491,521333.128,pientalo,4,1870038.642,56
LP-092-2015-00206,092,2477503.066,pientalo,2,11917112.51,158
LP-092-2015-01428,092,463708.319,pientalo,8,8142457.764,59
LP-186-2016-00537,186,1927458.267,pientalo,5,3316391.701,50
LP-092-2015-01192,092,2412280.605,pientalo,7,8244368.557,29
LP-491-2015-00830,491,965799.017,pientalo,8,2455813.112,35
LP-106-2016-00219,106,150967.838,pientalo,3,2295885.133,61
LP-106-2015-00285,106,14689448.968,pientalo,5,2536905.906,63
LP-106-2015-00282,106,7604017.115,pientalo,6,383096.69,43
LP-092-2015-01568,092,622469.981,pientalo,8,4786228.731,22
LP-837-2016-00746,837,1379763.754,pientalo,4,3602854.74,21
LP-092-2016-00943,092,5870246.804,pientalo,3,2732315.697,68
LP-092-2016-00869,092,1671139.071,pientalo,2,6141866.49,79
LP-106-2016-00754,106,1402374.829,pientalo,6,6173316.78,46
LP-106-2015-00470,106,1209326.191,pientalo,6,14832262.287,43
LP-092-2016-00224,092,6572904.682,pientalo,1,3309614.324,19
LP-092-2016-00221,092,6414.741,pientalo,1,7721795.442,70
LP-092-2015-02011,092,241388.627,pientalo,10,5842284.323,81
LP-092-2015-02220,092,3470285.604,pientalo,10,1759523.903,40
LP-092-2016-03167,092,2281.807,pientalo,6,5989228.701,19
LP-186-2016-00653,186,1186402.267,pientalo,5,2727121.974,75
LP-092-2015-00640,092,347647.631,pientalo,4,3132528.069,38
LP-092-2015-00566,092,603816.517,pientalo,4,6073974.621,24
LP-092-2015-00567,092,600283.857,pientalo,4,6077402.435,29
LP-092-2015-00564,092,600490.211,pientalo,4,6685676.131,38
LP-837-2016-00141,837,1566647.332,pientalo,1,5134787.99,48
LP-837-2016-00144,837,3976666.817,pientalo,1,9977021.994,108
LP-491-2015-01264,491,8523696.45,pientalo,11,3156867.374,96
LP-837-2016-00060,837,1204095.262,pientalo,1,8696574.334,54
LP-092-2014-00190,092,1794790.531,pientalo,12,6621781.826,37
LP-491-2016-01151,491,3271602.234,pientalo,7,1272715.943,35
LP-837-2016-00068,837,867578.742,pientalo,1,6785326.258,22
LP-092-2014-00195,092,161012.466,pientalo,12,5644190.393,35
LP-092-2015-00243,092,71465.569,pientalo,2,5729158.284,60
LP-092-2016-00297,092,7441977.946,pientalo,1,3657878.754,71
LP-092-2015-00248,092,7348657.399,pientalo,2,2608600.624,62
LP-092-2015-00113,092,612380.666,pientalo,2,6251878.27,23
LP-186-2015-00769,186,1872106.168,pientalo,8,2384458.179,45
LP-491-2016-00051,491,2457883.965,pientalo,1,1736901.216,39
LP-837-2016-00735,837,689410.177,pientalo,4,7400197.37,30
LP-092-2016-00890,092,3015153.256,pientalo,2,4975503.317,32
LP-106-2015-01117,106,2971847.66,pientalo,11,2692781.71,63