applicationId,filling-time,operation,time-to-verdict
LP-186-2016-00480,599270.256,pientalo,2375173.445
LP-092-2015-00260,1468060.292,pientalo,4519259.303
LP-092-2016-00573,1230980.024,pientalo,4179646.786
LP-092-2015-02285,452411.436,pientalo,13069651.146
LP-092-2015-01260,3552445.682,pientalo,4867665.961
LP-092-2015-01261,12511.453,pientalo,7208862.976
LP-092-2015-01266,4506715.028,pientalo,7039156.18
LP-092-2016-00673,7527663.291,pientalo,7471945.743
LP-837-2015-00151,693132.108,pientalo,6840720.888
LP-092-2016-01173,5563264.363,pientalo,9736464.654
LP-491-2016-00876,851006.86,pientalo,1002225.418
LP-092-2016-02822,508507.15,pientalo,7910041.905
LP-092-2016-00688,14359059.9,pientalo,3326523.665
LP-186-2015-00908,3459629.195,pientalo,2374953.663
LP-186-2015-00223,562861.249,pientalo,2432031.042
LP-092-2015-01004,4907207.903,pientalo,4804573.132
LP-092-2016-03508,197795.239,pientalo,4528062.247
LP-106-2016-00024,83273.384,pientalo,14719998.4
LP-491-2014-00546,451297.471,pientalo,2969932.824
LP-837-2016-00954,3378394.851,pientalo,8074196.215
LP-092-2015-01467,2830315.71,pientalo,7283288.854
LP-092-2015-01309,1136782.735,pientalo,5900855.286
LP-837-2016-00208,1863646.231,pientalo,6276548.101
LP-092-2016-01253,2797136.153,pientalo,5641647.713
LP-092-2016-02296,1985425.69,pientalo,2042145.112
LP-106-2016-00786,1102448.801,pientalo,5397862.699
LP-491-2016-00191,587068.853,pientalo,3576761.149
LP-092-2016-02125,3262058.878,pientalo,3076059.709
LP-186-2015-00536,27138385.978,pientalo,2689510.826
LP-092-2016-02129,1815048.567,pientalo,3036368.817
LP-186-2015-00531,6619482.186,pientalo,2478757.602
LP-186-2015-00126,5246119.787,pientalo,2375552.859
LP-092-2015-00735,602374.6,pientalo,10667327.565
LP-186-2015-00083,699760.755,pientalo,2984290.011
LP-106-2015-01147,5039725.637,pientalo,4244433.286
LP-092-2015-00141,62169.421,pientalo,6607349.888
LP-092-2015-00029,1220386.483,pientalo,2950838.476
LP-092-2016-00579,74968.178,pientalo,6450403.629
LP-092-2015-00144,4845878.478,pientalo,5275264.414
LP-092-2015-00023,1993588.444,pientalo,20077559.912
LP-092-2015-00924,8103346.501,pientalo,3399353.768
LP-106-2016-00713,2399860.897,pientalo,5064545.302
LP-491-2015-00909,28495732.408,pientalo,914516.976
LP-491-2015-00900,22496139.939,pientalo,1480026.722
LP-491-2015-00903,27819863.459,pientalo,986178.962
LP-491-2015-00902,21074051.164,pientalo,7732054.947
LP-491-2015-00904,28864611.95,pientalo,4174970.766
LP-491-2015-00907,22102264.038,pientalo,2469785.835
LP-491-2015-00906,24032013.15,pientalo,540121.781
LP-092-2015-01630,596809.407,pientalo,5830965.988
LP-092-2015-01730,3549724.536,pientalo,5736097.901
LP-092-2015-01638,17650404.307,pientalo,5036949.903
LP-186-2015-00408,7893903.795,pientalo,3574188.982
LP-092-2015-01735,350815.552,pientalo,4258777.498
LP-092-2015-01737,4831738.328,pientalo,4692297.989
LP-092-2016-03850,1128.77,pientalo,2288441.389
LP-491-2015-00356,1903114.642,pientalo,1771595.693
LP-106-2015-00480,549961.787,pientalo,5108722.416
LP-092-2015-00323,2370078.766,pientalo,5498678.785
LP-092-2016-00257,6476306.273,pientalo,5652038.824
LP-092-2015-00286,13161453.77,pientalo,8833215.63
LP-092-2016-03298,3328.758,pientalo,3847074.238
LP-106-2015-00488,3813336.412,pientalo,2374678.723
LP-092-2015-00282,2515.663,pientalo,6536864.311
LP-092-2016-03486,1207829.806,pientalo,5324020.201
LP-106-2015-00643,1028248.627,pientalo,2720080.91
LP-186-2016-00058,2403097.01,pientalo,4461102.192
LP-092-2015-02434,1808519.218,pientalo,6703856.663
LP-186-2015-01339,1725783.037,pientalo,4189046.24
LP-092-2015-01915,951245.032,pientalo,15339553.172
LP-092-2015-00510,6034400.974,pientalo,4292230.494
LP-092-2015-00761,166410.21,pientalo,1529321.992
LP-092-2014-00163,2620954.969,pientalo,4774373.87
LP-092-2016-00437,794359.58,pientalo,5405009.011
LP-186-2015-01390,15006088.76,pientalo,1615852.311
LP-092-2014-00169,8104189.272,pientalo,5754105.175
LP-106-2015-00181,2145120.128,pientalo,3593948.091
LP-092-2016-00532,3864305.779,pientalo,4107804.044
LP-837-2015-00054,184359.979,pientalo,5271306.16
LP-837-2015-00052,378073.994,pientalo,6319035.89
LP-491-2016-01111,3646399.367,pientalo,1235302.579
LP-186-2015-01302,6641737.704,pientalo,3499278.437
LP-092-2016-00401,241474.849,pientalo,6450999.038
LP-092-2016-00406,1542770.697,pientalo,6349452.812
LP-092-2016-00033,378565.293,pientalo,7182504.473
LP-092-2016-01134,3240846.255,pientalo,6103346.911
LP-106-2015-00892,1052690.142,pientalo,2535245.773
LP-092-2015-00827,1933.748,pientalo,3308720.283
LP-092-2015-01852,7239803.493,pientalo,3504997.344
LP-092-2016-01030,2923524.127,pientalo,4806666.686
LP-491-2015-01114,13294793.856,pientalo,7212139.22
LP-092-2016-01292,5796157.734,pientalo,7473950.053
LP-092-2016-03032,5164495.346,pientalo,2886164.939
LP-186-2015-01082,12347.823,pientalo,1851838.359
LP-092-2015-00824,68786.196,pientalo,2545111.451
LP-092-2016-00748,1652000.572,pientalo,2968450.149
LP-092-2016-02317,2345711.383,pientalo,1149553.37
LP-092-2015-01354,6476437.891,pientalo,7990326.204
LP-106-2015-01185,12943.908,pientalo,3059503.182
LP-186-2015-01158,8996890.52,pientalo,2704222.251
LP-092-2016-00201,3185299.043,pientalo,4967258.113
LP-092-2015-00885,21661490.499,pientalo,6008213.027
LP-092-2015-00886,8723596.278,pientalo,4376143.682
LP-106-2015-00042,8285.271,pientalo,4194603.545
LP-092-2015-00889,200204.336,pientalo,6316958.125
LP-092-2015-00780,905552.008,pientalo,9300698.078
LP-106-2016-00494,181.108,pientalo,1397920.454
LP-837-2015-00102,181422.826,pientalo,7355263.771
LP-491-2016-00390,4837586.001,pientalo,1001876.352
LP-837-2016-01026,6402.901,pientalo,5041832.286
LP-491-2016-00129,119180.315,pientalo,1049631.45
LP-092-2016-01349,5359452.554,pientalo,3843488.367
LP-092-2015-01458,529957.141,pientalo,4013895.194
LP-092-2015-00102,2149404.326,pientalo,4549314.017
LP-092-2016-01956,493432.365,pientalo,3908795.265
LP-186-2016-00274,3042281.074,pientalo,3495747.829
LP-092-2016-01951,1985827.401,pientalo,3124627.431
LP-491-2015-00535,1115157.671,pientalo,1090976.21
LP-092-2014-00186,1877476.47,pientalo,3415472.03
LP-092-2015-00916,788110.702,pientalo,5825224.535
LP-106-2015-00296,4339452.191,pientalo,1226649.748
LP-092-2015-00089,1733455.64,pientalo,8147712.994
LP-092-2015-01575,2325323.634,pientalo,3671854.265
LP-186-2015-00116,15713522.248,pientalo,809046.427
LP-491-2015-00391,414925.613,pientalo,1598447.104
LP-092-2015-01772,1045518.333,pientalo,3847872.599
LP-491-2016-00269,5895202.617,pientalo,621192.02
LP-092-2015-00312,3014000.243,pientalo,10168041.907
LP-491-2015-00549,2854235.048,pientalo,4073570.213
LP-491-2015-00911,24191522.045,pientalo,2193973.752
LP-491-2015-00892,28405954.001,pientalo,2223602.827
LP-491-2015-00890,13821741.395,pientalo,6526437.384
LP-092-2015-00817,1208038.325,pientalo,7560813.409
LP-092-2015-00770,691570.24,pientalo,7470270.113
LP-092-2015-00813,4963.95,pientalo,1783000.154
LP-491-2015-00899,26537384.327,pientalo,4091642.839
LP-106-2015-00204,3384.831,pientalo,5397504.686
LP-186-2015-00285,7545106.198,pientalo,8145161.18
LP-092-2015-02686,314.633,pientalo,4257432.199
LP-092-2015-01959,167477.291,pientalo,1689165.203
LP-092-2015-00797,425.843,pientalo,1325692.398
LP-186-2015-00692,148130.588,pientalo,4199202.911
LP-092-2015-00798,1080771.324,pientalo,11457011.321
LP-837-2016-00172,4517684.616,pientalo,6083021.525
LP-092-2015-00220,2486.708,pientalo,6782837.097
LP-092-2015-00223,13488.687,pientalo,1501158.309
LP-092-2015-00556,2330107.127,pientalo,3553455.411
LP-092-2015-00227,2451818.981,pientalo,4939285.485
LP-092-2015-00229,1891009.464,pientalo,4944015.974
LP-092-2015-00228,4295.867,pientalo,9106604.794
LP-491-2015-00002,4941330.77,pientalo,2363384.707
LP-491-2015-00003,3990328.647,pientalo,1406717.328
LP-106-2016-00653,2251890.154,pientalo,1224421.633
LP-092-2015-00495,1134450.232,pientalo,9029080.346
LP-092-2015-00250,19808338.988,pientalo,5551658.073
LP-092-2016-00281,2253674.487,pientalo,6322944.65
LP-106-2015-01239,9161776.163,pientalo,1943204.965
LP-106-2015-00342,86261.507,pientalo,14746677.217
LP-092-2015-00258,2429613.869,pientalo,5748992.343
LP-092-2015-00259,338873.246,pientalo,5667729.167
LP-837-2016-00728,3810180.35,pientalo,8567522.532
LP-837-2016-00480,4925430.789,pientalo,6609355.305
LP-092-2016-02198,119633.528,pientalo,4865701.46
LP-106-2015-00228,3684677.151,pientalo,2555209.771
LP-092-2016-00840,698734.782,pientalo,7816554.28
LP-186-2015-00456,9043537.702,pientalo,473130.26
LP-186-2015-00477,2076804.289,pientalo,1487045.706
LP-092-2016-02404,510624.591,pientalo,2994627.929
LP-837-2016-00898,414377.166,pientalo,5410977.447
LP-092-2016-01399,1569778.294,pientalo,4340675.819
LP-186-2016-00283,4082137.834,pientalo,10816042.354
LP-186-2015-01128,12845536.265,pientalo,1264359.203
LP-092-2016-00665,2494621.454,pientalo,1842397.083
LP-092-2016-00061,981818.991,pientalo,3809243.48
LP-092-2016-00062,761477.55,pientalo,7312058.057
LP-092-2016-00063,1027558.373,pientalo,8601365.128
LP-092-2016-01166,2752186.22,pientalo,4009401.81
LP-092-2015-01880,9747438.633,pientalo,3242936.24
LP-186-2015-00622,1722.348,pientalo,12141363.107
LP-092-2015-02991,6622785.659,pientalo,7223793.411
LP-186-2016-00231,4582481.077,pientalo,2382140.422
LP-092-2015-02852,6132167.108,pientalo,6369962.043
LP-092-2016-03368,3044383.068,pientalo,2366003.886
LP-186-2016-00172,609439.237,pientalo,4247331.406
LP-837-2016-00432,4350411.14,pientalo,5713971.964
LP-092-2016-00718,90851.337,pientalo,7128085.046
LP-186-2015-01223,12918917.196,pientalo,5326064.019
LP-092-2016-02885,612802.49,pientalo,8513617.337
LP-186-2016-00468,2061156.179,pientalo,2458710.964
LP-186-2015-00583,7930572.568,pientalo,1606555.074
LP-092-2016-01305,3465620.862,pientalo,4692847.641
LP-837-2016-00862,3979078.389,pientalo,7710778.579
LP-186-2016-00588,524019.648,pientalo,4496278.34
LP-837-2016-00216,3618846.3,pientalo,5063915.21
LP-092-2016-03041,121218.341,pientalo,6065166.36
LP-837-2016-01171,1106194.43,pientalo,8155590.722
LP-106-2015-00019,698591.075,pientalo,5571627.112
LP-491-2015-00699,11945.141,pientalo,7375762.669
LP-092-2015-01531,24278.25,pientalo,5212241.484
LP-186-2015-00489,170180.771,pientalo,3498812.482
LP-092-2015-01102,1278993.021,pientalo,27257449.279
LP-106-2016-00804,411.542,pientalo,1075761.745
LP-092-2015-00043,2171071.811,pientalo,9544499.734
LP-092-2015-00042,433371.115,pientalo,5462033.823
LP-092-2015-00046,2634544.947,pientalo,4896289.302
LP-837-2016-01112,169939.377,pientalo,9050701.492
LP-092-2015-00137,2500398.789,pientalo,8941177.106
LP-092-2015-01036,2330081.38,pientalo,1909513.259
LP-092-2015-00133,2939850.37,pientalo,2716945.928
LP-092-2015-00032,1038134.972,pientalo,5325348.937
LP-837-2016-00507,156889.314,pientalo,5050886.774
LP-491-2015-00913,22178703.236,pientalo,1182635.401
LP-092-2016-02036,105087.368,pientalo,4071575.345
LP-092-2016-02033,1626038.564,pientalo,3593960.749
LP-106-2015-00156,915069.32,pientalo,3931614.186
LP-186-2015-00416,3043013.045,pientalo,3917984.902
LP-092-2015-01621,9866.661,pientalo,7038987.052
LP-186-2015-00799,3671955.739,pientalo,1746763.485
LP-186-2016-00049,5924651.729,pientalo,3591113.829
LP-092-2015-01747,184387.267,pientalo,15244462.673
LP-092-2015-01746,165456.103,pientalo,15244523.072
LP-092-2015-00614,360476.093,pientalo,9098616.588
LP-837-2016-00138,79008.938,pientalo,6693381.85
LP-092-2015-00264,3262825.444,pientalo,5497448.65
LP-092-2015-00267,339587.094,pientalo,8141780.719
LP-092-2015-00349,3453.646,pientalo,7207056.222
LP-092-2015-00618,2500147.535,pientalo,5736552.08
LP-092-2015-00619,3492.348,pientalo,6619021.952
LP-837-2016-00135,2715.338,pientalo,6169587.654
LP-106-2015-00787,850573.035,pientalo,4350394.289
LP-186-2015-00092,2673312.505,pientalo,1152259.188
LP-186-2015-00094,3029959.532,pientalo,795048.075
LP-106-2015-00717,4497822.646,pientalo,657398.804
LP-106-2015-00711,443421.156,pientalo,3154738.435
LP-491-2015-01202,90620.997,pientalo,1085445.862
LP-092-2015-01277,4227401.498,pientalo,12108471.518
LP-106-2016-00183,10728802.682,pientalo,5397901.03
LP-092-2015-00431,1496530.682,pientalo,4768646.624
LP-092-2016-00320,78304.844,pientalo,9119811.782
LP-092-2016-00325,1362875.224,pientalo,5410156.246
LP-092-2015-00665,1999066.875,pientalo,7813588.228
LP-837-2016-00005,1130712.516,pientalo,9642922.101
LP-837-2016-00999,2213300.409,pientalo,7572251.331
LP-092-2015-00505,2846225.653,pientalo,9260042.874
LP-092-2014-00174,5150.884,pientalo,7887385.844
LP-092-2014-00175,6631.122,pientalo,8996473.911
LP-106-2015-00975,866260.764,pientalo,1165454.332
LP-106-2016-00604,2073219.474,pientalo,2733977.273
LP-491-2015-00039,12784622.731,pientalo,2176506.092
LP-186-2015-01362,3610469.704,pientalo,1264684.872
LP-106-2015-00198,5591.342,pientalo,4350731.697
LP-491-2015-00737,180830.409,pientalo,4591002.343
LP-491-2015-00888,29568847.376,pientalo,2876167.136
LP-106-2015-00270,136540.954,pientalo,2035827.242
LP-106-2016-00696,2151977.546,pientalo,4259979.44
LP-106-2015-00578,254079.394,pientalo,5748735.65
LP-092-2016-00183,255335.25,pientalo,3338809.94
LP-092-2015-01847,2232402.23,pientalo,5319871.731
LP-092-2015-01844,1570373.269,pientalo,4441325.561
LP-186-2015-00747,8063351.966,pientalo,1492859.336
LP-106-2016-00447,2086590.733,pientalo,3236717.886
LP-092-2016-03399,1378944.595,pientalo,4199341.582
LP-092-2016-02362,182613.355,pientalo,2979586.651
LP-186-2015-00995,107269.235,pientalo,5733683.05
LP-092-2015-01365,2156595.368,pientalo,4972279.318
LP-491-2016-00657,2676.622,pientalo,2898373.038
LP-092-2015-01360,1989536.966,pientalo,21300963.291
LP-092-2015-02667,4940803.726,pientalo,3664960.853
LP-106-2015-01051,3031.928,pientalo,13790755.405
LP-106-2015-01056,2361.803,pientalo,2519148.381
LP-837-2016-00909,1190504.749,pientalo,9384669.171
LP-092-2016-01744,1206174.68,pientalo,4557442.832
LP-092-2015-00732,3083980.905,pientalo,5130759.666
LP-186-2015-00960,2874863.062,pientalo,4516473.25
LP-092-2016-01695,271307.794,pientalo,11241239.105
LP-092-2015-02861,3647264.925,pientalo,6509204.15
LP-186-2015-00369,581.19,pientalo,2813758.096
LP-092-2016-01827,5492.422,pientalo,5570552.381
LP-837-2016-00002,4564186.255,pientalo,8432561.296
LP-092-2015-00169,1086685.922,pientalo,4374550.432
LP-186-2015-00202,2525353.388,pientalo,2686310.912
LP-186-2015-00560,11105.817,pientalo,2360833.59
LP-092-2015-00165,251316.027,pientalo,5501164.309
LP-837-2016-00832,1136375.204,pientalo,9103999.674
LP-186-2016-00416,1114749.942,pientalo,1433693.852
LP-837-2016-00836,929916.856,pientalo,5297732.277
LP-092-2015-01443,78697.783,pientalo,9380668.047
LP-491-2016-00153,3051538.313,pientalo,1393935.526
LP-491-2016-00159,1201272.969,pientalo,1238464.039
LP-186-2016-00550,2070849.935,pientalo,2211243.788
LP-837-2016-01018,1123623.789,pientalo,8785627.914
LP-092-2015-02741,239325.823,pientalo,4282973.657
LP-491-2015-00812,244753.845,pientalo,3934384.569
LP-491-2016-00073,1904217.452,pientalo,2903682.4
LP-837-2016-00408,406289.802,pientalo,5821401.464
LP-837-2015-00093,681412.564,pientalo,7472703.801
LP-491-2016-00078,1678360.576,pientalo,620462.674
LP-092-2015-00093,980553.877,pientalo,9267357.996
LP-491-2016-00275,5974898.195,pientalo,1668035.36
LP-491-2016-00277,1718383.331,pientalo,1680895.071
LP-092-2016-00803,2310035.963,pientalo,5567758.029
LP-092-2015-00307,3141765.5,pientalo,5469431.293
LP-092-2016-01150,345928.046,pientalo,4190085.935
LP-186-2015-00195,4891787.026,pientalo,1176028.128
LP-491-2015-00889,22113712.737,pientalo,1258573.804
LP-106-2015-00875,870915.514,pientalo,2951410.901
LP-092-2015-01145,2382245.266,pientalo,7526438.152
LP-092-2015-00002,3284324.596,pientalo,4809010.545
LP-092-2015-01149,1197358.735,pientalo,9946565.533
LP-491-2015-00551,3668862.704,pientalo,704117.169
LP-491-2015-00884,25237121.26,pientalo,1161652.162
LP-491-2015-00885,18493546.542,pientalo,1855526.688
LP-491-2015-00887,26296447.443,pientalo,1915241.731
LP-092-2015-00391,92848.692,pientalo,7202447.97
LP-092-2016-00209,272248.956,pientalo,5745291.457
LP-092-2015-00392,1887697.229,pientalo,4974717.475
LP-106-2015-00021,53953.325,pientalo,6018527.191
LP-092-2016-02069,5578514.0,pientalo,5532652.042
LP-491-2015-00258,4041835.6,pientalo,1501188.554
LP-092-2016-00938,1920482.049,pientalo,5391641.679
LP-092-2015-00781,4684.753,pientalo,2906789.957
LP-186-2015-00742,8548101.312,pientalo,1423075.947
LP-092-2015-00788,3869135.206,pientalo,3597485.708
LP-092-2016-00937,1922365.004,pientalo,5391446.026
LP-092-2016-00381,4231816.364,pientalo,5670924.258
LP-106-2015-00005,2324704.018,pientalo,4556120.375
LP-092-2016-00383,2017581.283,pientalo,3907005.284
LP-491-2015-00676,642763.039,pientalo,1178949.882
LP-092-2016-00277,953525.396,pientalo,6598139.506
LP-491-2015-00771,4161874.693,pientalo,1742946.547
LP-092-2016-02610,614479.625,pientalo,3481602.67
LP-092-2016-00221,6414.741,pientalo,7721795.442
LP-092-2015-00430,5703980.046,pientalo,4801743.956
LP-092-2014-00144,3483614.781,pientalo,6595003.964
LP-092-2016-02577,1886084.734,pientalo,8504876.426
LP-092-2015-00435,3975124.824,pientalo,5389145.097
LP-092-2014-00142,604066.5,pientalo,7197862.581
LP-106-2016-00655,5223316.781,pientalo,3032669.479
LP-092-2016-00492,2147.218,pientalo,6790090.276
LP-092-2015-00493,51325.816,pientalo,6007860.445
LP-092-2015-02911,8849850.245,pientalo,5983073.851
LP-491-2016-00754,3429345.969,pientalo,1869704.815
LP-837-2015-00073,2151911.13,pientalo,7307333.25
LP-092-2015-00491,57652.531,pientalo,6091815.514
LP-092-2015-02965,775294.637,pientalo,3910443.822
LP-106-2015-01095,1384152.549,pientalo,2946038.79
LP-092-2015-02743,7493114.349,pientalo,3510587.794
LP-092-2015-02961,2480145.015,pientalo,5596236.106
LP-186-2015-01043,4836858.677,pientalo,4880710.62
LP-186-2015-00730,5564060.303,pientalo,1307227.616
LP-092-2016-00156,4120822.134,pientalo,6431142.158
LP-092-2016-00151,11816149.6,pientalo,1785694.181
LP-092-2016-00152,966143.368,pientalo,6757236.309
LP-186-2015-00011,8092636.238,pientalo,13779860.962
LP-092-2016-02806,2476503.169,pientalo,6709299.779
LP-092-2016-02777,675813.986,pientalo,3410416.456
LP-092-2016-02338,2170796.331,pientalo,3410457.599
LP-092-2015-02825,6497.896,pientalo,4917642.56
LP-092-2016-03357,1550238.563,pientalo,5301449.5
LP-092-2015-01679,2323251.179,pientalo,3661771.62
LP-092-2015-00995,4974220.566,pientalo,4804537.097
LP-092-2015-01439,585920.087,pientalo,4197815.903
LP-092-2015-00251,21769779.348,pientalo,15343282.436
LP-092-2015-01242,611596.944,pientalo,10324244.748
LP-837-2016-00974,996688.304,pientalo,8358822.784
LP-092-2015-01245,1839155.739,pientalo,4253786.309
LP-092-2015-01247,413110.633,pientalo,7311265.758
LP-837-2016-00873,631421.62,pientalo,5119266.202
LP-092-2016-01336,182398.461,pientalo,5318763.886
LP-106-2014-00267,3801811.079,pientalo,6782184.586
LP-837-2016-00343,3950418.484,pientalo,4463119.176
LP-092-2016-00648,1463419.067,pientalo,5402409.231
LP-837-2016-00346,5536341.825,pientalo,5198960.904
LP-837-2016-00347,188495.781,pientalo,8060233.477
LP-837-2015-00214,8910223.569,pientalo,8587197.786
LP-186-2015-00253,2464217.369,pientalo,3337609.354
LP-092-2015-02522,1052729.748,pientalo,8062433.606
LP-092-2015-01503,2597592.456,pientalo,6431453.856
LP-092-2015-01507,971396.344,pientalo,12453811.675
LP-186-2015-00499,11441.484,pientalo,1911390.253
LP-106-2016-00749,426174.555,pientalo,1943146.989
LP-092-2015-01110,2637091.024,pientalo,9034342.323
LP-092-2015-00050,3010364.65,pientalo,2638106.779
LP-186-2015-00497,867383.91,pientalo,4604307.997
LP-092-2016-01200,184934.034,pientalo,2263434.381
LP-186-2014-00534,818.806,pientalo,137786.673
LP-092-2016-01208,5521438.617,pientalo,2961354.181
LP-092-2016-01971,3145065.038,pientalo,8910970.744
LP-092-2016-02384,356896.298,pientalo,5018754.29
LP-106-2016-00264,663501.212,pientalo,1952333.328
LP-491-2015-00929,3464509.501,pientalo,1910620.132
LP-491-2015-00922,24478395.989,pientalo,613070.96
LP-106-2015-00145,1994094.711,pientalo,4695954.755
LP-837-2016-00450,1891202.636,pientalo,5591822.494
LP-092-2015-02722,14131.055,pientalo,8065281.699
LP-186-2016-00137,6725907.995,pientalo,1861618.635
LP-092-2015-01753,5522824.028,pientalo,8420751.576
LP-186-2015-00070,1308526.313,pientalo,2026762.313
LP-092-2015-00851,817804.873,pientalo,7146248.63
LP-092-2016-00972,3713.247,pientalo,11798405.985
LP-092-2015-00494,4722.775,pientalo,6018259.195
LP-092-2015-00757,241.547,pientalo,1569511.3
LP-491-2015-01351,1839667.275,pientalo,2345051.198
LP-106-2015-00700,2767215.477,pientalo,916053.807
LP-092-2016-00331,537023.192,pientalo,6786847.292
LP-092-2016-02652,1888809.344,pientalo,1749621.211
LP-186-2015-00675,12116120.646,pientalo,1216960.491
LP-106-2015-00721,8514.182,pientalo,5114760.56
LP-186-2016-00782,833.961,pientalo,5561680.918
LP-092-2015-02231,5940380.569,pientalo,2642311.021
LP-837-2016-00157,3902660.274,pientalo,9976893.207
LP-092-2016-00252,1277213.08,pientalo,7487769.045
LP-092-2015-00475,1167252.842,pientalo,7181285.353
LP-106-2015-01281,2750137.221,pientalo,2370507.327
LP-106-2015-00093,2773.492,pientalo,3918705.571
LP-092-2014-00181,3124785.07,pientalo,1674674.404
LP-186-2015-01370,4549735.416,pientalo,2369636.664
LP-106-2015-00965,2224945.9,pientalo,4205351.283
LP-106-2016-00638,4122974.446,pientalo,5050028.002
LP-106-2015-00360,1832040.01,pientalo,3748835.788
LP-092-2015-00584,5793.506,pientalo,9516816.439
LP-837-2015-00038,16753.679,pientalo,4964537.488
LP-092-2015-00589,850625.908,pientalo,5814090.007
LP-092-2016-00753,117011.83,pientalo,14629274.169
LP-186-2016-00148,5271786.529,pientalo,1777323.199
LP-092-2015-02701,4843355.883,pientalo,3664939.606
LP-186-2015-00474,428899.448,pientalo,3411213.297
LP-092-2015-00402,2369777.615,pientalo,4938724.764
LP-092-2015-00409,1630277.968,pientalo,5663241.527
LP-106-2016-00196,2131125.17,pientalo,3672045.21
LP-092-2016-00566,2077549.595,pientalo,5808397.02
LP-092-2016-00600,17083.639,pientalo,6698172.977
LP-092-2015-00107,4483605.163,pientalo,4519697.43
LP-491-2016-00661,2129746.519,pientalo,1860353.266
LP-106-2015-00840,4248724.234,pientalo,798119.055
LP-837-2015-00145,4675987.7,pientalo,8594689.436
LP-092-2015-02776,5586323.027,pientalo,5222486.852
LP-092-2015-02670,4223728.476,pientalo,16466975.13
LP-092-2016-00056,947225.719,pientalo,5578498.568
LP-837-2016-00933,153943.804,pientalo,5387504.028
LP-092-2016-02428,10661.481,pientalo,697674.511
LP-092-2016-02780,2481485.932,pientalo,6613376.081
LP-186-2015-00604,170740.384,pientalo,5480981.474
LP-186-2016-00354,754.624,pientalo,2982069.569
LP-491-2015-00805,2819.171,pientalo,4848064.412
LP-186-2015-01194,10133193.234,pientalo,4167651.001
LP-106-2015-00101,126522.491,pientalo,7235643.469
LP-092-2015-01384,161572.578,pientalo,17925661.295
LP-106-2015-00835,5197.693,pientalo,4351010.719
LP-491-2014-00552,5609454.678,pientalo,1655039.561
LP-837-2016-01000,8461.97,pientalo,9720911.311
LP-491-2015-01003,638583.809,pientalo,2485559.162
LP-106-2016-00222,367619.011,pientalo,2541011.982
LP-092-2015-02458,4546173.793,pientalo,1794323.334
LP-092-2015-01498,9579555.63,pientalo,10999859.118
LP-491-2015-01224,257455.379,pientalo,985421.49
LP-186-2015-00507,1962020.335,pientalo,4620859.868
LP-092-2016-01413,4880.415,pientalo,6613914.886
LP-186-2015-01110,3553187.204,pientalo,1680115.661
LP-092-2015-01122,1995667.168,pientalo,3412220.036
LP-092-2016-02849,10411.256,pientalo,5201383.791
LP-092-2015-00702,8824.93,pientalo,12313664.875
LP-092-2016-01419,6565976.01,pientalo,7220019.621
LP-092-2015-01797,1248866.069,pientalo,4756581.444
LP-092-2015-00704,10905866.29,pientalo,7455648.307
LP-092-2015-01155,1125854.402,pientalo,6005778.894
LP-092-2015-00012,3697456.201,pientalo,9898990.628
LP-092-2015-01153,563619.782,pientalo,11935245.406
LP-106-2015-00424,243930.019,pientalo,2565851.095
LP-491-2015-00244,1214386.569,pientalo,3568026.239
LP-106-2015-00039,5101740.665,pientalo,565899.711
LP-106-2015-00030,7876531.555,pientalo,1512645.017
LP-106-2015-00036,76382.083,pientalo,5148817.832
LP-092-2016-01527,678354.735,pientalo,3422195.325
LP-092-2015-00896,2463216.972,pientalo,6362976.116
LP-092-2015-01725,1122137.909,pientalo,7303658.219
LP-186-2015-00001,1893917.191,pientalo,1083739.154
LP-092-2015-01836,2873675.021,pientalo,6939961.217
LP-092-2016-03846,971724.808,pientalo,3309822.69
LP-092-2015-00202,1130.854,pientalo,559472.586
LP-092-2015-00200,551436.396,pientalo,9190201.6
LP-092-2015-02865,2853281.738,pientalo,4788420.014
LP-092-2015-00209,26.053,pientalo,6606861.818
LP-092-2015-00051,73961.925,pientalo,6445941.224
LP-106-2016-00003,1831280.252,pientalo,3309199.292
LP-092-2016-00306,140132.558,pientalo,6618584.089
LP-092-2016-00302,4434.361,pientalo,6168139.692
LP-092-2016-00466,1731427.357,pientalo,8011051.634
LP-186-2016-00067,16003.026,pientalo,19378597.294
LP-837-2016-00141,1566647.332,pientalo,5134787.99
LP-092-2014-00158,3092885.86,pientalo,5409386.619
LP-092-2014-00150,863245.158,pientalo,8761139.116
LP-092-2015-02187,3813660.696,pientalo,14461198.185
LP-092-2016-00529,156819.355,pientalo,9034944.057
LP-837-2016-00144,3976666.817,pientalo,9977021.994
LP-092-2016-00419,520856.256,pientalo,5408661.959
LP-106-2015-00559,5315581.949,pientalo,2041983.802
LP-106-2015-00922,2251538.643,pientalo,4354609.616
LP-092-2015-02220,3470285.604,pientalo,1759523.903
LP-092-2016-01028,4316040.387,pientalo,3158885.74
LP-106-2015-01089,174446.93,pientalo,5568418.103
LP-092-2016-01021,613722.101,pientalo,6786097.38
LP-092-2016-02111,1797588.232,pientalo,2044142.693
LP-092-2016-00996,721244.455,pientalo,7439047.381
LP-092-2015-01006,1378465.815,pientalo,8928623.209
LP-186-2016-00537,1927458.267,pientalo,3316391.701
LP-092-2015-02335,7529579.668,pientalo,5714999.009
LP-491-2015-00843,18495696.685,pientalo,4528854.312
LP-092-2016-00634,448740.723,pientalo,6780533.775
LP-491-2016-00137,3756456.774,pientalo,1005869.712
LP-092-2016-00638,2787347.335,pientalo,1842461.672
LP-092-2016-00644,2136058.543,pientalo,6524691.612
LP-491-2016-00741,5579832.979,pientalo,3503370.091
LP-092-2015-02647,2513427.875,pientalo,12795219.864
LP-092-2015-02646,743370.776,pientalo,4971450.92
LP-092-2015-01064,3526563.191,pientalo,6622500.088
LP-092-2015-01992,5763710.287,pientalo,7568411.191
LP-092-2015-02124,13274951.062,pientalo,3255582.426
LP-092-2015-01332,1125571.104,pientalo,4238588.19
LP-837-2016-00840,1007964.517,pientalo,6005362.036
LP-837-2016-00334,2178092.488,pientalo,5656757.467
LP-837-2016-00849,933839.226,pientalo,5064191.666
LP-092-2016-01328,852451.302,pientalo,7723831.255
LP-106-2015-00072,11538.122,pientalo,3749225.215
LP-106-2015-00073,157541.013,pientalo,4189013.449
LP-106-2015-00079,5922.913,pientalo,3583936.919
LP-092-2015-00186,13928.54,pientalo,5479813.484
LP-092-2015-00180,199033.015,pientalo,3635599.539
LP-491-2016-00006,2946005.883,pientalo,613780.314
LP-092-2016-00297,7441977.946,pientalo,3657878.754
LP-092-2015-01597,1467092.415,pientalo,7306951.598
LP-092-2015-01163,3355345.309,pientalo,8505091.734
LP-092-2015-01420,20660434.197,pientalo,5233042.151
LP-092-2015-01588,1698459.001,pientalo,7307340.77
LP-491-2016-00521,521333.128,pientalo,1870038.642
LP-092-2015-00206,2477503.066,pientalo,11917112.51
LP-092-2015-01428,463708.319,pientalo,8142457.764
LP-106-2015-00147,9516339.184,pientalo,2025333.207
LP-092-2015-01192,2412280.605,pientalo,8244368.557
LP-491-2015-00830,965799.017,pientalo,2455813.112
LP-106-2016-00219,150967.838,pientalo,2295885.133
LP-106-2015-00285,14689448.968,pientalo,2536905.906
LP-106-2015-00282,7604017.115,pientalo,383096.69
LP-092-2015-01568,622469.981,pientalo,4786228.731
LP-837-2016-00746,1379763.754,pientalo,3602854.74
LP-092-2016-00943,5870246.804,pientalo,2732315.697
LP-092-2016-00869,1671139.071,pientalo,6141866.49
LP-106-2016-00754,1402374.829,pientalo,6173316.78
LP-106-2015-00470,1209326.191,pientalo,14832262.287
LP-092-2016-00224,6572904.682,pientalo,3309614.324
LP-106-2015-00772,927303.622,pientalo,12992922.931
LP-092-2015-02011,241388.627,pientalo,5842284.323
LP-092-2016-03167,2281.807,pientalo,5989228.701
LP-186-2016-00653,1186402.267,pientalo,2727121.974
LP-092-2015-00640,347647.631,pientalo,3132528.069
LP-092-2015-00566,603816.517,pientalo,6073974.621
LP-092-2015-00567,600283.857,pientalo,6077402.435
LP-092-2015-00564,600490.211,pientalo,6685676.131
LP-092-2015-00565,595464.079,pientalo,4786414.79
LP-092-2015-00560,433.995,pientalo,1861118.044
LP-491-2015-01264,8523696.45,pientalo,3156867.374
LP-837-2016-00060,1204095.262,pientalo,8696574.334
LP-092-2014-00190,1794790.531,pientalo,6621781.826
LP-491-2016-01151,3271602.234,pientalo,1272715.943
LP-837-2016-00068,867578.742,pientalo,6785326.258
LP-092-2014-00195,161012.466,pientalo,5644190.393
LP-092-2015-00243,71465.569,pientalo,5729158.284
LP-491-2015-00307,526416.822,pientalo,2259610.05
LP-092-2015-00248,7348657.399,pientalo,2608600.624
LP-092-2015-00113,612380.666,pientalo,6251878.27
LP-186-2015-00769,1872106.168,pientalo,2384458.179
LP-491-2016-00051,2457883.965,pientalo,1736901.216
LP-837-2016-00735,689410.177,pientalo,7400197.37
LP-092-2016-00890,3015153.256,pientalo,4975503.317
LP-106-2015-01117,2971847.66,pientalo,2692781.71